<?xml version="1.0" encoding="UTF-8"?>

<FLOW VERSION="3.0" CLEANUP="true">
  <COMMENT>Repeat until EXIT or failure</COMMENT>

  <!-- nodes -->

<INVOKE TIMEOUT="" SERVICE="sample.complexMapping.largeDoc.messageBuilder:createList" VALIDATE-IN="$none" VALIDATE-OUT="$none">
  <COMMENT>Create a new IData list</COMMENT>

  <!-- nodes -->

<MAP MODE="INPUT">
</MAP>

<MAP MODE="OUTPUT">
</MAP>
</INVOKE>

<RETRY TIMEOUT="" COUNT="-1" BACK-OFF="" LOOP-ON="SUCCESS">
  <COMMENT>Repeat until EXIT or failure</COMMENT>

  <!-- nodes -->

<INVOKE TIMEOUT="" SERVICE="sample.complexMapping.largeDoc.messageBuilder:getNextItem" VALIDATE-IN="$none" VALIDATE-OUT="$none">
  <COMMENT>Load the next line item</COMMENT>

  <!-- nodes -->

<MAP MODE="INPUT">
</MAP>

<MAP MODE="OUTPUT">
</MAP>
</INVOKE>

<BRANCH TIMEOUT="" LABELEXPRESSIONS="true">
  <COMMENT>REPEAT ends when 'ItemOut' is null</COMMENT>

  <!-- nodes -->

<INVOKE NAME="$default" TIMEOUT="" SERVICE="sample.complexMapping.largeDoc.messageBuilder:buildOneOrderDetail" VALIDATE-IN="$none" VALIDATE-OUT="$none">
  <COMMENT>If the next line item isn't empty then map it</COMMENT>

  <!-- nodes -->

<MAP MODE="INPUT">
</MAP>

<MAP MODE="OUTPUT">
</MAP>
</INVOKE>

<EXIT NAME="%name%=&quot;$done$&quot;" FROM="$loop" SIGNAL="SUCCESS" FAILURE-MESSAGE="">
  <COMMENT>exits the REPEAT</COMMENT>
</EXIT>
</BRANCH>

<INVOKE NAME="GatherItems" TIMEOUT="" SERVICE="sample.complexMapping.largeDoc.messageBuilder:addToList" VALIDATE-IN="$none" VALIDATE-OUT="$none">
  <COMMENT>Gather all the mapped line items into an array</COMMENT>

  <!-- nodes -->

<MAP MODE="INPUT">
  <MAPTARGET>

<Values version="2.0">
  <record name="xml" javaclass="com.wm.util.Values">
    <value name="node_type">record</value>
    <value name="field_type">record</value>
    <value name="field_dim">0</value>
    <value name="field_opt">false</value>
    <list name="rec_fields">
    </list>
    <value name="rec_closed">false</value>
  </record>
</Values>
</MAPTARGET>
  <MAPSOURCE>

<Values version="2.0">
  <record name="xml" javaclass="com.wm.util.Values">
    <value name="node_type">record</value>
    <value name="field_type">record</value>
    <value name="field_dim">0</value>
    <value name="field_opt">false</value>
    <array name="rec_fields" type="record" depth="1">
      <record javaclass="com.wm.util.Values">
        <value name="node_type">unknown</value>
        <value name="field_name">iterator</value>
        <value name="field_type">object</value>
        <value name="field_dim">0</value>
        <value name="field_opt">false</value>
      </record>
      <record javaclass="com.wm.util.Values">
        <value name="node_type">record</value>
        <value name="field_name">list</value>
        <value name="field_type">object</value>
        <value name="field_dim">0</value>
        <value name="field_opt">false</value>
      </record>
      <record javaclass="com.wm.util.Values">
        <value name="node_type">record</value>
        <value name="field_name">ItemOut</value>
        <value name="field_type">recref</value>
        <value name="field_dim">0</value>
        <value name="field_opt">false</value>
        <value name="rec_closed">false</value>
        <value name="rec_ref">sample.complexMapping.docTypes.cXML:docType_ItemOut</value>
      </record>
      <record javaclass="com.wm.util.Values">
        <value name="node_type">record</value>
        <value name="field_name">name</value>
        <value name="field_type">string</value>
        <value name="field_dim">0</value>
        <value name="field_opt">false</value>
      </record>
      <record javaclass="com.wm.util.Values">
        <value name="node_type">record</value>
        <value name="field_name">LineItem</value>
        <value name="field_type">recref</value>
        <value name="field_dim">0</value>
        <value name="field_opt">false</value>
        <value name="rec_closed">false</value>
        <value name="rec_ref">sample.complexMapping.docTypes:LineItem</value>
      </record>
      <record javaclass="com.wm.util.Values">
        <value name="node_type">unknown</value>
        <value name="field_name">$retries</value>
        <value name="field_type">string</value>
        <value name="field_dim">0</value>
        <value name="field_opt">false</value>
      </record>
    </array>
    <value name="rec_closed">false</value>
  </record>
</Values>
</MAPSOURCE>

  <!-- nodes -->

<MAPDELETE NAME="Dropper" FIELD="/ItemOut;4;0;sample.complexMapping.docTypes.cXML:docType_ItemOut">
</MAPDELETE>
</MAP>

<MAP MODE="OUTPUT">
</MAP>
</INVOKE>
</RETRY>

<MAP MODE="STANDALONE">
  <COMMENT>Drop everything we don't need</COMMENT>
  <MAPTARGET>

<Values version="2.0">
  <record name="xml" javaclass="com.wm.util.Values">
    <value name="node_type">record</value>
    <value name="field_type">record</value>
    <value name="field_dim">0</value>
    <value name="field_opt">false</value>
    <list name="rec_fields">
    </list>
    <value name="rec_closed">false</value>
  </record>
</Values>
</MAPTARGET>
  <MAPSOURCE>

<Values version="2.0">
  <record name="xml" javaclass="com.wm.util.Values">
    <value name="node_type">record</value>
    <value name="field_type">record</value>
    <value name="field_dim">0</value>
    <value name="field_opt">false</value>
    <array name="rec_fields" type="record" depth="1">
      <record javaclass="com.wm.util.Values">
        <value name="node_type">unknown</value>
        <value name="field_name">iterator</value>
        <value name="field_type">object</value>
        <value name="field_dim">0</value>
        <value name="field_opt">false</value>
      </record>
      <record javaclass="com.wm.util.Values">
        <value name="node_type">record</value>
        <value name="field_name">ItemOut</value>
        <value name="field_type">recref</value>
        <value name="field_dim">0</value>
        <value name="field_opt">false</value>
        <value name="rec_closed">false</value>
        <value name="rec_ref">sample.complexMapping.docTypes.cXML:docType_ItemOut</value>
      </record>
      <record javaclass="com.wm.util.Values">
        <value name="node_type">record</value>
        <value name="field_name">fromItem</value>
        <value name="field_type">record</value>
        <value name="field_dim">0</value>
        <value name="field_opt">false</value>
        <list name="rec_fields">
        </list>
        <value name="rec_closed">false</value>
      </record>
      <record javaclass="com.wm.util.Values">
        <value name="node_type">record</value>
        <value name="field_name">name</value>
        <value name="field_type">string</value>
        <value name="field_dim">0</value>
        <value name="field_opt">false</value>
      </record>
      <record javaclass="com.wm.util.Values">
        <value name="node_type">record</value>
        <value name="field_name">LineItem</value>
        <value name="field_type">recref</value>
        <value name="field_dim">0</value>
        <value name="field_opt">false</value>
        <value name="rec_closed">false</value>
        <value name="rec_ref">sample.complexMapping.docTypes:LineItem</value>
      </record>
      <record javaclass="com.wm.util.Values">
        <value name="node_type">record</value>
        <value name="field_name">toList</value>
        <value name="field_type">record</value>
        <value name="field_dim">1</value>
        <value name="field_opt">false</value>
        <list name="rec_fields">
        </list>
        <value name="rec_closed">false</value>
      </record>
    </array>
    <value name="rec_closed">false</value>
  </record>
</Values>
</MAPSOURCE>

  <!-- nodes -->

<MAPDELETE NAME="Dropper" FIELD="/ItemOut;4;0;sample.complexMapping.docTypes.cXML:docType_ItemOut">
</MAPDELETE>

<MAPDELETE NAME="Dropper" FIELD="/fromItem;2;0">
</MAPDELETE>

<MAPDELETE NAME="Dropper" FIELD="/name;1;0">
</MAPDELETE>

<MAPDELETE NAME="Dropper" FIELD="/LineItem;4;0;sample.complexMapping.docTypes:LineItem">
</MAPDELETE>
</MAP>

<INVOKE TIMEOUT="" SERVICE="sample.complexMapping.largeDoc.messageBuilder:listToArray" VALIDATE-IN="$none" VALIDATE-OUT="$none">
  <COMMENT>Convert the IData into an array</COMMENT>

  <!-- nodes -->

<MAP MODE="INPUT">
</MAP>

<MAP MODE="OUTPUT">
  <MAPTARGET>

<Values version="2.0">
  <record name="xml" javaclass="com.wm.util.Values">
    <value name="node_type">record</value>
    <value name="field_type">record</value>
    <value name="field_dim">0</value>
    <value name="field_opt">false</value>
    <list name="rec_fields">
    </list>
    <value name="rec_closed">false</value>
  </record>
</Values>
</MAPTARGET>
  <MAPSOURCE>

<Values version="2.0">
  <record name="xml" javaclass="com.wm.util.Values">
    <value name="node_type">record</value>
    <value name="field_type">record</value>
    <value name="field_dim">0</value>
    <value name="field_opt">false</value>
    <list name="rec_fields">
    </list>
    <value name="rec_closed">false</value>
  </record>
</Values>
</MAPSOURCE>

  <!-- nodes -->

<MAPDELETE NAME="Dropper" FIELD="/list;3;0">
</MAPDELETE>
</MAP>
</INVOKE>
</FLOW>
