<?xml version="1.0"?>

<bitterrootboards>

<snowboard>
<name>Globe</name>
<type>Freeride/Freestyle</type>
<sku>A</sku>
<length>149</length>
<width>28.5</width>
<price>279</price>
<availability>true</availability>
</snowboard>

<snowboard>
<name>Pro Series</name>
<type>Freeride/Powder/Extreme</type>
<sku>B</sku>
<length>156</length>
<width>28.9</width>
<price>399</price>
<availability>false</availability>
</snowboard>

<snowboard>
<name>Yaqui</name>
<type>Freeride/Powder/Extreme</type>
<sku>C</sku>
<length>161</length>
<width>30.6</width>
<price>290</price>
<availability>true</availability>
</snowboard>

<snowboard>
<name>Vert</name>
<type>Freestyle/Pipe/Park</type>
<sku>D</sku>
<length>154</length>
<width>25</width>
<price>479</price>
<availability>true</availability>
</snowboard>

<snowboard>
<name>Trauma</name>
<type>Freestyle/Pipe/Park</type>
<sku>E</sku>
<length>153</length>
<width>29.4</width>
<price>367</price>
<availability>true</availability>
</snowboard>

</bitterrootboards>