<?xml version="1.0" encoding="UTF-8"?>

<FLOW VERSION="3.0" CLEANUP="true">
  <COMMENT>Always ensure the input data is not null</COMMENT>

  <!-- nodes -->

<SEQUENCE TIMEOUT="" EXIT-ON="SUCCESS">
  <COMMENT>Preliminary Sequence to set up the try/catch block</COMMENT>

  <!-- nodes -->

<SEQUENCE TIMEOUT="" EXIT-ON="FAILURE">
  <COMMENT>This service exits on failure and is the try block</COMMENT>

  <!-- nodes -->

<INVOKE TIMEOUT="" SERVICE="pub.xml:getXMLNodeIterator" VALIDATE-IN="$none" VALIDATE-OUT="$none">
  <COMMENT>Load the Document via the XML Node iterator</COMMENT>

  <!-- nodes -->

<MAP MODE="INPUT">
  <MAPTARGET>

<Values version="2.0">
  <record name="xml" javaclass="com.wm.util.Values">
    <value name="node_type">record</value>
    <value name="field_name">getXMLNodeIteratorInput</value>
    <value name="field_type">record</value>
    <value name="field_dim">0</value>
    <value name="field_opt">false</value>
    <array name="rec_fields" type="record" depth="1">
      <record javaclass="com.wm.util.Values">
        <value name="node_type">unknown</value>
        <value name="field_name">node</value>
        <value name="field_type">object</value>
        <value name="field_dim">0</value>
        <value name="field_opt">false</value>
      </record>
      <record javaclass="com.wm.util.Values">
        <value name="node_type">unknown</value>
        <value name="field_name">criteria</value>
        <value name="field_type">string</value>
        <value name="field_dim">1</value>
        <value name="field_opt">true</value>
      </record>
      <record javaclass="com.wm.util.Values">
        <value name="node_type">record</value>
        <value name="field_name">nsDecls</value>
        <value name="field_type">record</value>
        <value name="field_dim">0</value>
        <value name="field_opt">true</value>
        <list name="rec_fields">
        </list>
        <value name="rec_closed">false</value>
      </record>
      <record javaclass="com.wm.util.Values">
        <value name="node_type">unknown</value>
        <value name="field_name">movingWindow</value>
        <value name="field_type">string</value>
        <value name="field_dim">0</value>
        <value name="field_opt">true</value>
        <array name="field_options" type="value" depth="1">
          <value>false</value>
          <value>true</value>
        </array>
      </record>
    </array>
    <value name="rec_closed">false</value>
  </record>
</Values>
</MAPTARGET>
  <MAPSOURCE>

<Values version="2.0">
  <record name="xml" javaclass="com.wm.util.Values">
    <value name="node_type">record</value>
    <value name="field_type">record</value>
    <value name="field_dim">0</value>
    <value name="field_opt">false</value>
    <list name="rec_fields">
    </list>
    <value name="rec_closed">false</value>
  </record>
</Values>
</MAPSOURCE>

  <!-- nodes -->

<MAPSET NAME="Setter" OVERWRITE="true" VARIABLES="false" FIELD="/criteria;1;1">
  <DATA ENCODING="XMLValues" I18N="true">

<Values version="2.0">
  <array name="xml" type="value" depth="1">
    <value>OrderRequestHeader</value>
    <value>ItemOut</value>
  </array>
  <record name="type" javaclass="com.wm.util.Values">
    <value name="node_type">unknown</value>
    <value name="field_name">criteria</value>
    <value name="field_type">string</value>
    <value name="field_dim">1</value>
    <value name="field_opt">true</value>
  </record>
</Values>
</DATA>
</MAPSET>

<MAPSET NAME="Setter" OVERWRITE="true" VARIABLES="false" FIELD="/movingWindow;1;0">
  <DATA ENCODING="XMLValues" I18N="true">

<Values version="2.0">
  <value name="xml">true</value>
  <record name="type" javaclass="com.wm.util.Values">
    <value name="node_type">unknown</value>
    <value name="field_name">movingWindow</value>
    <value name="field_type">string</value>
    <value name="field_dim">0</value>
    <value name="field_opt">true</value>
    <array name="field_options" type="value" depth="1">
      <value>false</value>
      <value>true</value>
    </array>
  </record>
</Values>
</DATA>
</MAPSET>
</MAP>

<MAP MODE="OUTPUT">
  <MAPTARGET>

<Values version="2.0">
  <record name="xml" javaclass="com.wm.util.Values">
    <value name="node_type">record</value>
    <value name="field_type">record</value>
    <value name="field_dim">0</value>
    <value name="field_opt">false</value>
    <array name="rec_fields" type="record" depth="1">
      <record javaclass="com.wm.util.Values">
        <value name="node_type">record</value>
        <value name="field_name">node</value>
        <value name="field_type">object</value>
        <value name="field_dim">0</value>
        <value name="field_opt">false</value>
      </record>
      <record javaclass="com.wm.util.Values">
        <value name="node_type">unknown</value>
        <value name="field_name">criteria</value>
        <value name="field_type">string</value>
        <value name="field_dim">1</value>
        <value name="field_opt">false</value>
      </record>
      <record javaclass="com.wm.util.Values">
        <value name="node_type">unknown</value>
        <value name="field_name">movingWindow</value>
        <value name="field_type">string</value>
        <value name="field_dim">0</value>
        <value name="field_opt">false</value>
      </record>
      <record javaclass="com.wm.util.Values">
        <value name="node_type">unknown</value>
        <value name="field_name">iterator</value>
        <value name="field_type">object</value>
        <value name="field_dim">0</value>
        <value name="field_opt">false</value>
      </record>
    </array>
    <value name="rec_closed">false</value>
  </record>
</Values>
</MAPTARGET>
  <MAPSOURCE>

<Values version="2.0">
  <record name="xml" javaclass="com.wm.util.Values">
    <value name="node_type">record</value>
    <value name="field_name">getXMLNodeIteratorOutput</value>
    <value name="field_type">record</value>
    <value name="field_dim">0</value>
    <value name="field_opt">false</value>
    <list name="rec_fields">
    </list>
    <value name="rec_closed">false</value>
  </record>
</Values>
</MAPSOURCE>

  <!-- nodes -->

<MAPDELETE NAME="Dropper" FIELD="/movingWindow;1;0">
</MAPDELETE>

<MAPDELETE NAME="Dropper" FIELD="/criteria;1;1">
</MAPDELETE>
</MAP>
</INVOKE>

<INVOKE TIMEOUT="" SERVICE="sample.complexMapping.largeDoc.messageBuilder:getHeader" VALIDATE-IN="$none" VALIDATE-OUT="$none">
  <COMMENT>Get the 1st node in the Document</COMMENT>

  <!-- nodes -->

<MAP MODE="INPUT">
</MAP>

<MAP MODE="OUTPUT">
</MAP>
</INVOKE>

<INVOKE TIMEOUT="" SERVICE="sample.complexMapping.largeDoc.messageBuilder:buildOrderHeader" VALIDATE-IN="$none" VALIDATE-OUT="$none">
  <COMMENT>For complex mapping break up the mapping into logical steps</COMMENT>

  <!-- nodes -->

<MAP MODE="INPUT">
</MAP>

<MAP MODE="OUTPUT">
  <MAPTARGET>

<Values version="2.0">
  <record name="xml" javaclass="com.wm.util.Values">
    <value name="node_type">record</value>
    <value name="field_type">record</value>
    <value name="field_dim">0</value>
    <value name="field_opt">false</value>
    <list name="rec_fields">
    </list>
    <value name="rec_closed">false</value>
  </record>
</Values>
</MAPTARGET>
  <MAPSOURCE>

<Values version="2.0">
  <record name="xml" javaclass="com.wm.util.Values">
    <value name="node_type">record</value>
    <value name="field_type">record</value>
    <value name="field_dim">0</value>
    <value name="field_opt">false</value>
    <list name="rec_fields">
    </list>
    <value name="rec_closed">false</value>
  </record>
</Values>
</MAPSOURCE>

  <!-- nodes -->

<MAPDELETE NAME="Dropper" FIELD="/OrderRequestHeader;4;0;sample.complexMapping.docTypes.cXML:docType_OrderRequestHeader">
</MAPDELETE>
</MAP>
</INVOKE>

<INVOKE NAME="LoopOnAllOrderItems" TIMEOUT="" SERVICE="sample.complexMapping.largeDoc.messageBuilder:buildOrderDetails" VALIDATE-IN="$none" VALIDATE-OUT="$none">
  <COMMENT>Loop over all the items in the doc and make an array of output items</COMMENT>

  <!-- nodes -->

<MAP MODE="INPUT">
</MAP>

<MAP MODE="OUTPUT">
  <MAPTARGET>

<Values version="2.0">
  <record name="xml" javaclass="com.wm.util.Values">
    <value name="node_type">record</value>
    <value name="field_type">record</value>
    <value name="field_dim">0</value>
    <value name="field_opt">false</value>
    <array name="rec_fields" type="record" depth="1">
      <record javaclass="com.wm.util.Values">
        <value name="node_type">record</value>
        <value name="field_name">node</value>
        <value name="field_type">object</value>
        <value name="field_dim">0</value>
        <value name="field_opt">false</value>
      </record>
      <record javaclass="com.wm.util.Values">
        <value name="node_type">unknown</value>
        <value name="field_name">iterator</value>
        <value name="field_type">object</value>
        <value name="field_dim">0</value>
        <value name="field_opt">false</value>
      </record>
      <record javaclass="com.wm.util.Values">
        <value name="node_type">record</value>
        <value name="field_name">OrderHeader</value>
        <value name="field_type">recref</value>
        <value name="field_dim">0</value>
        <value name="field_opt">false</value>
        <value name="rec_closed">false</value>
        <value name="rec_ref">sample.complexMapping.docTypes:OrderHeader</value>
      </record>
      <record javaclass="com.wm.util.Values">
        <value name="node_type">unknown</value>
        <value name="field_name">document</value>
        <value name="field_type">object</value>
        <value name="field_dim">0</value>
        <value name="field_opt">false</value>
      </record>
      <record javaclass="com.wm.util.Values">
        <value name="node_type">unknown</value>
        <value name="field_name">$retries</value>
        <value name="field_type">string</value>
        <value name="field_dim">0</value>
        <value name="field_opt">false</value>
      </record>
      <record javaclass="com.wm.util.Values">
        <value name="node_type">record</value>
        <value name="field_name">next</value>
        <value name="field_type">record</value>
        <value name="field_dim">0</value>
        <value name="field_opt">false</value>
        <list name="rec_fields">
        </list>
        <value name="rec_closed">false</value>
      </record>
    </array>
    <value name="rec_closed">false</value>
  </record>
</Values>
</MAPTARGET>
  <MAPSOURCE>

<Values version="2.0">
  <record name="xml" javaclass="com.wm.util.Values">
    <value name="node_type">record</value>
    <value name="field_type">record</value>
    <value name="field_dim">0</value>
    <value name="field_opt">false</value>
    <list name="rec_fields">
    </list>
    <value name="rec_closed">false</value>
  </record>
</Values>
</MAPSOURCE>

  <!-- nodes -->

<MAPDELETE NAME="MapDelete" FIELD="/iterator;3;0">
</MAPDELETE>

<MAPDELETE NAME="MapDelete" FIELD="/node;3;0">
</MAPDELETE>

<MAPDELETE NAME="MapDelete" FIELD="/$retries;1;0">
</MAPDELETE>

<MAPDELETE NAME="MapDelete" FIELD="/next;2;0">
</MAPDELETE>

<MAPDELETE NAME="MapDelete" FIELD="/document;3;0">
</MAPDELETE>
</MAP>
</INVOKE>

<MAP NAME="Composite" MODE="STANDALONE">
  <COMMENT>Put the final Document together at the end</COMMENT>
  <MAPTARGET>

<Values version="2.0">
  <record name="xml" javaclass="com.wm.util.Values">
    <value name="node_type">record</value>
    <value name="field_type">record</value>
    <value name="field_dim">0</value>
    <value name="field_opt">false</value>
    <array name="rec_fields" type="record" depth="1">
      <record javaclass="com.wm.util.Values">
        <value name="node_type">record</value>
        <value name="field_name">PurchaseOrder</value>
        <value name="field_type">recref</value>
        <value name="field_dim">0</value>
        <value name="field_opt">false</value>
        <value name="rec_closed">false</value>
        <value name="rec_ref">sample.complexMapping.docTypes:PurchaseOrder</value>
      </record>
    </array>
    <value name="rec_closed">false</value>
  </record>
</Values>
</MAPTARGET>
  <MAPSOURCE>

<Values version="2.0">
  <record name="xml" javaclass="com.wm.util.Values">
    <value name="node_type">record</value>
    <value name="field_type">record</value>
    <value name="field_dim">0</value>
    <value name="field_opt">false</value>
    <array name="rec_fields" type="record" depth="1">
      <record javaclass="com.wm.util.Values">
        <value name="node_type">record</value>
        <value name="field_name">OrderHeader</value>
        <value name="field_type">recref</value>
        <value name="field_dim">0</value>
        <value name="field_opt">false</value>
        <value name="rec_closed">false</value>
        <value name="rec_ref">sample.complexMapping.docTypes:OrderHeader</value>
      </record>
      <record javaclass="com.wm.util.Values">
        <value name="node_type">record</value>
        <value name="field_name">LineItem</value>
        <value name="field_type">recref</value>
        <value name="field_dim">1</value>
        <value name="field_opt">false</value>
        <value name="rec_closed">false</value>
        <value name="rec_ref">sample.complexMapping.docTypes:LineItem</value>
      </record>
      <record javaclass="com.wm.util.Values">
        <value name="node_type">record</value>
        <value name="field_name">OrderRequest</value>
        <value name="field_type">recref</value>
        <value name="field_dim">0</value>
        <value name="field_opt">false</value>
        <value name="rec_closed">false</value>
        <value name="rec_ref">sample.complexMapping.docTypes.cXML:OrderRequest</value>
      </record>
    </array>
    <value name="rec_closed">false</value>
  </record>
</Values>
</MAPSOURCE>

  <!-- nodes -->

<MAPCOPY NAME="Link" FROM="/OrderHeader;4;0;sample.complexMapping.docTypes:OrderHeader" TO="/PurchaseOrder;4;0;sample.complexMapping.docTypes:PurchaseOrder/PurchaseOrder;2;0/OrderHeader;4;0;sample.complexMapping.docTypes:OrderHeader">
</MAPCOPY>

<MAPDELETE NAME="Dropper" FIELD="/OrderRequest;4;0;sample.complexMapping.docTypes.cXML:OrderRequest">
</MAPDELETE>

<MAPDELETE NAME="Dropper" FIELD="/OrderHeader;4;0;sample.complexMapping.docTypes:OrderHeader">
</MAPDELETE>

<MAPCOPY NAME="Link" FROM="/LineItem;4;1;sample.complexMapping.docTypes:LineItem" TO="/PurchaseOrder;4;0;sample.complexMapping.docTypes:PurchaseOrder/PurchaseOrder;2;0/OrderDetail;4;0;sample.complexMapping.docTypes:OrderDetail/LineItem;4;1;sample.complexMapping.docTypes:LineItem">
</MAPCOPY>

<MAPDELETE NAME="Dropper" FIELD="/LineItem;4;1;sample.complexMapping.docTypes:LineItem">
</MAPDELETE>
</MAP>

<INVOKE NAME="GenerateOutput" TIMEOUT="" SERVICE="pub.xml:documentToXMLString" VALIDATE-IN="$none" VALIDATE-OUT="$none">
  <COMMENT>Convert the IData to XML</COMMENT>

  <!-- nodes -->

<MAP MODE="INPUT">
  <MAPTARGET>

<Values version="2.0">
  <record name="xml" javaclass="com.wm.util.Values">
    <value name="node_type">record</value>
    <value name="field_name">documentToXMLStringInput</value>
    <value name="field_type">record</value>
    <value name="field_dim">0</value>
    <value name="field_opt">false</value>
    <array name="rec_fields" type="record" depth="1">
      <record javaclass="com.wm.util.Values">
        <value name="node_type">unknown</value>
        <value name="field_name">attrPrefix</value>
        <value name="field_type">string</value>
        <value name="field_dim">0</value>
        <value name="field_opt">true</value>
      </record>
      <record javaclass="com.wm.util.Values">
        <value name="node_type">record</value>
        <value name="field_name">document</value>
        <value name="field_type">record</value>
        <value name="field_dim">0</value>
        <value name="field_opt">false</value>
        <list name="rec_fields">
        </list>
        <value name="rec_closed">false</value>
      </record>
      <record javaclass="com.wm.util.Values">
        <value name="node_type">record</value>
        <value name="field_name">nsDecls</value>
        <value name="field_type">record</value>
        <value name="field_dim">0</value>
        <value name="field_opt">true</value>
        <list name="rec_fields">
        </list>
        <value name="rec_closed">false</value>
      </record>
      <record javaclass="com.wm.util.Values">
        <value name="node_type">unknown</value>
        <value name="field_name">addHeader</value>
        <value name="field_type">string</value>
        <value name="field_dim">0</value>
        <value name="field_opt">true</value>
        <array name="field_options" type="value" depth="1">
          <value>true</value>
          <value>false</value>
        </array>
      </record>
      <record javaclass="com.wm.util.Values">
        <value name="node_type">unknown</value>
        <value name="field_name">encode</value>
        <value name="field_type">string</value>
        <value name="field_dim">0</value>
        <value name="field_opt">true</value>
        <array name="field_options" type="value" depth="1">
          <value>true</value>
          <value>false</value>
        </array>
      </record>
      <record javaclass="com.wm.util.Values">
        <value name="node_type">unknown</value>
        <value name="field_name">documentTypeName</value>
        <value name="field_type">string</value>
        <value name="field_dim">0</value>
        <value name="field_opt">true</value>
      </record>
      <record javaclass="com.wm.util.Values">
        <value name="node_type">unknown</value>
        <value name="field_name">generateRequiredTags</value>
        <value name="field_type">string</value>
        <value name="field_dim">0</value>
        <value name="field_opt">true</value>
        <array name="field_options" type="value" depth="1">
          <value>false</value>
          <value>true</value>
        </array>
      </record>
      <record javaclass="com.wm.util.Values">
        <value name="node_type">unknown</value>
        <value name="field_name">enforceLegalXML</value>
        <value name="field_type">string</value>
        <value name="field_dim">0</value>
        <value name="field_opt">true</value>
        <array name="field_options" type="value" depth="1">
          <value>true</value>
          <value>false</value>
        </array>
      </record>
    </array>
    <value name="rec_closed">false</value>
  </record>
</Values>
</MAPTARGET>
  <MAPSOURCE>

<Values version="2.0">
  <record name="xml" javaclass="com.wm.util.Values">
    <value name="node_type">record</value>
    <value name="field_type">record</value>
    <value name="field_dim">0</value>
    <value name="field_opt">false</value>
    <array name="rec_fields" type="record" depth="1">
      <record javaclass="com.wm.util.Values">
        <value name="node_type">record</value>
        <value name="field_name">PurchaseOrder</value>
        <value name="field_type">recref</value>
        <value name="field_dim">0</value>
        <value name="field_opt">false</value>
        <value name="rec_closed">false</value>
        <value name="rec_ref">sample.complexMapping.docTypes:PurchaseOrder</value>
      </record>
    </array>
    <value name="rec_closed">false</value>
  </record>
</Values>
</MAPSOURCE>

  <!-- nodes -->

<MAPCOPY NAME="Link" FROM="/PurchaseOrder;4;0;sample.complexMapping.docTypes:PurchaseOrder" TO="/document;2;0">
</MAPCOPY>

<MAPSET NAME="Setter" OVERWRITE="true" VARIABLES="false" FIELD="/documentTypeName;1;0">
  <DATA ENCODING="XMLValues" I18N="true">

<Values version="2.0">
  <value name="xml">sample.complexMapping.docTypes:PurchaseOrder</value>
  <record name="type" javaclass="com.wm.util.Values">
    <value name="node_type">unknown</value>
    <value name="field_name">documentTypeName</value>
    <value name="field_type">string</value>
    <value name="field_dim">0</value>
    <value name="field_opt">true</value>
  </record>
</Values>
</DATA>
</MAPSET>
</MAP>

<MAP MODE="OUTPUT">
  <MAPTARGET>

<Values version="2.0">
  <record name="xml" javaclass="com.wm.util.Values">
    <value name="node_type">record</value>
    <value name="field_type">record</value>
    <value name="field_dim">0</value>
    <value name="field_opt">false</value>
    <array name="rec_fields" type="record" depth="1">
      <record javaclass="com.wm.util.Values">
        <value name="node_type">record</value>
        <value name="field_name">PurchaseOrder</value>
        <value name="field_type">recref</value>
        <value name="field_dim">0</value>
        <value name="field_opt">false</value>
        <value name="rec_closed">false</value>
        <value name="rec_ref">sample.complexMapping.docTypes:PurchaseOrder</value>
      </record>
      <record javaclass="com.wm.util.Values">
        <value name="node_type">record</value>
        <value name="field_name">document</value>
        <value name="field_type">record</value>
        <value name="field_dim">0</value>
        <value name="field_opt">false</value>
        <list name="rec_fields">
        </list>
        <value name="rec_closed">false</value>
      </record>
      <record javaclass="com.wm.util.Values">
        <value name="node_type">unknown</value>
        <value name="field_name">documentTypeName</value>
        <value name="field_type">string</value>
        <value name="field_dim">0</value>
        <value name="field_opt">false</value>
      </record>
      <record javaclass="com.wm.util.Values">
        <value name="node_type">unknown</value>
        <value name="field_name">xmldata</value>
        <value name="field_type">string</value>
        <value name="field_dim">0</value>
        <value name="field_opt">false</value>
      </record>
      <record javaclass="com.wm.util.Values">
        <value name="node_type">unknown</value>
        <value name="field_name">newPurchaseOrder</value>
        <value name="field_type">string</value>
        <value name="field_dim">0</value>
        <value name="field_opt">false</value>
      </record>
    </array>
    <value name="rec_closed">false</value>
  </record>
</Values>
</MAPTARGET>
  <MAPSOURCE>

<Values version="2.0">
  <record name="xml" javaclass="com.wm.util.Values">
    <value name="node_type">record</value>
    <value name="field_name">documentToXMLStringOutput</value>
    <value name="field_type">record</value>
    <value name="field_dim">0</value>
    <value name="field_opt">false</value>
    <array name="rec_fields" type="record" depth="1">
      <record javaclass="com.wm.util.Values">
        <value name="node_type">unknown</value>
        <value name="field_name">xmldata</value>
        <value name="field_type">string</value>
        <value name="field_dim">0</value>
        <value name="field_opt">false</value>
      </record>
    </array>
    <value name="rec_closed">false</value>
  </record>
</Values>
</MAPSOURCE>

  <!-- nodes -->

<MAPDELETE NAME="Dropper" FIELD="/document;2;0">
</MAPDELETE>

<MAPDELETE NAME="Dropper" FIELD="/documentTypeName;1;0">
</MAPDELETE>

<MAPDELETE NAME="Dropper" FIELD="/PurchaseOrder;4;0;sample.complexMapping.docTypes:PurchaseOrder">
</MAPDELETE>

<MAPCOPY NAME="Link" FROM="/xmldata;1;0" TO="/newPurchaseOrder;1;0">
</MAPCOPY>

<MAPDELETE NAME="Dropper" FIELD="/xmldata;1;0">
</MAPDELETE>
</MAP>
</INVOKE>
</SEQUENCE>

<SEQUENCE TIMEOUT="" EXIT-ON="DONE">
  <COMMENT>This sequence exits on done and is the catch block</COMMENT>

  <!-- nodes -->

<INVOKE TIMEOUT="" SERVICE="pub.flow:getLastError" VALIDATE-IN="$none" VALIDATE-OUT="$none">
  <COMMENT>Gets the last error that was encountered in this flow service</COMMENT>

  <!-- nodes -->

<MAP MODE="INPUT">
</MAP>

<MAP MODE="OUTPUT">
</MAP>
</INVOKE>

<INVOKE TIMEOUT="" SERVICE="pub.flow:debugLog" VALIDATE-IN="$none" VALIDATE-OUT="$none">
  <COMMENT>Uses the default logging level</COMMENT>

  <!-- nodes -->

<MAP MODE="INPUT">
  <MAPTARGET>

<Values version="2.0">
  <record name="xml" javaclass="com.wm.util.Values">
    <value name="node_type">record</value>
    <value name="field_name">debugLogInput</value>
    <value name="field_type">record</value>
    <value name="field_dim">0</value>
    <value name="field_opt">false</value>
    <array name="rec_fields" type="record" depth="1">
      <record javaclass="com.wm.util.Values">
        <value name="node_type">unknown</value>
        <value name="field_name">message</value>
        <value name="field_type">string</value>
        <value name="field_dim">0</value>
        <value name="field_opt">true</value>
      </record>
      <record javaclass="com.wm.util.Values">
        <value name="node_type">unknown</value>
        <value name="field_name">function</value>
        <value name="field_type">string</value>
        <value name="field_dim">0</value>
        <value name="field_opt">true</value>
      </record>
      <record javaclass="com.wm.util.Values">
        <value name="node_type">unknown</value>
        <value name="field_name">level</value>
        <value name="field_type">string</value>
        <value name="field_dim">0</value>
        <value name="field_opt">true</value>
      </record>
    </array>
    <value name="rec_closed">false</value>
  </record>
</Values>
</MAPTARGET>
  <MAPSOURCE>

<Values version="2.0">
  <record name="xml" javaclass="com.wm.util.Values">
    <value name="node_type">record</value>
    <value name="field_type">record</value>
    <value name="field_dim">0</value>
    <value name="field_opt">false</value>
    <list name="rec_fields">
    </list>
    <value name="rec_closed">false</value>
  </record>
</Values>
</MAPSOURCE>

  <!-- nodes -->

<MAPSET NAME="Setter" OVERWRITE="true" VARIABLES="true" FIELD="/message;1;0">
  <DATA ENCODING="XMLValues" I18N="true">

<Values version="2.0">
  <value name="xml">Service Name = %lastError/service%
Error Dump = %lastError/errorDump%
Time = %lastError/time%
Error = %lastError/error%
ErrorType = %lastError/errorType%
User = %lastError/user%</value>
  <record name="type" javaclass="com.wm.util.Values">
    <value name="node_type">unknown</value>
    <value name="field_name">message</value>
    <value name="field_type">string</value>
    <value name="field_dim">0</value>
    <value name="field_opt">true</value>
  </record>
</Values>
</DATA>
</MAPSET>
</MAP>

<MAP MODE="OUTPUT">
</MAP>
</INVOKE>

<EXIT FROM="$flow" SIGNAL="SUCCESS" FAILURE-MESSAGE="">
  <COMMENT></COMMENT>
</EXIT>
</SEQUENCE>
</SEQUENCE>
</FLOW>
