<?xml version="1.0" encoding="UTF-8"?>

<FLOW VERSION="3.0" CLEANUP="true">
  <COMMENT></COMMENT>

  <!-- nodes -->

<INVOKE TIMEOUT="" SERVICE="pub.string:concat">
  <COMMENT></COMMENT>

  <!-- nodes -->

<MAP MODE="INPUT">

  <!-- nodes -->

<MAPCOPY NAME="MapCopy" FROM="/status;1;0" TO="/inString1;1;0">
</MAPCOPY>

<MAPSET NAME="MapSet" OVERWRITE="true" VARIABLES="false" FIELD="/inString2;1;0">
  <DATA ENCODING="XMLValues" I18N="true">

<Values version="2.0">
  <value name="xml">   Commit has been called.</value>
  <record name="type" javaclass="com.wm.util.Values">
    <value name="node_type">unknown</value>
    <value name="field_name">inString2</value>
    <value name="field_type">string</value>
    <value name="field_dim">0</value>
    <value name="field_opt">false</value>
  </record>
</Values>
</DATA>
</MAPSET>
</MAP>

<MAP MODE="OUTPUT">

  <!-- nodes -->

<MAPCOPY NAME="MapCopy" FROM="/value;1;0" TO="/status;1;0">
</MAPCOPY>

<MAPDELETE NAME="MapDelete" FIELD="/inString1;1;0">
</MAPDELETE>

<MAPDELETE NAME="MapDelete" FIELD="/inString2;1;0">
</MAPDELETE>

<MAPDELETE NAME="MapDelete" FIELD="/value;1;0">
</MAPDELETE>
</MAP>
</INVOKE>
</FLOW>
